"STATION_ID;""SITE_NAME"";""ZDALY_GAS_BRAND"";""ADDRESS"";""CITY"";""STATE"";""ZIP"";""COUNTY_NAME"";""PRICING_ZONE"";""CLUSTER_MEDIAN_PRICE"";""CLIENT_MARKET_PRICE"";""LATITUDE"";""LONGITUDE"""
"449;""6104 | (E-5 Silza Ensenada y Carr. Transpeninsular)"";Petro 7;Carretera Transpeninsular No. 8781;Ensenada;Baja California;""22785"";ZM Ensenada;""0_Baja_ia"";7.46;7.33;31.79353;-116.5928"
"18946;""6093 | (Blvd. Costero Lazaro Cardenas y Blancarte)"";Petro 7;Boulevard Lázaro Cárdenas No. 980;Ensenada;Baja California;""22800"";ZM Ensenada;""0_Baja_ia"";7.46;7.46;31.85952;-116.6226"
"548;""6058 | (Ensenada (E-4))"";Petro 7;Avenida Ámbar Y Reforma No. 1006;Ensenada;Baja California;""22810"";ZM Ensenada;""0_Baja_ia"";7.46;7.52;31.88323;-116.6105"
"584;""6126 | (San Diego y Novena (Nueva Esperanza))"";Petro 7;Avenida Misión de San Diego Y Calle Novena No. 3499;Mexicali;Baja California;""21399"";ZM Mexicali;""3_Baja_ia"";7.29;7.12;32.63511;-115.3865"
"22066;""6221 | (INDEPENDENCIA ESQ. MONTEJANO)"";Petro 7;"""";Mexicali;Baja California;""21090"";ZM Mexicali;""3_Baja_ia"";7.29;7.29;32.63633;-115.453"
"601;""6152 | (San Jorge (Calzada Hector Terán y Victor Toledano))"";Petro 7;Calzada Héctor Terán No. 1100;Mexicali;Baja California;""21337"";ZM Mexicali;""3_Baja_ia"";7.29;7.85;32.60843;-115.4722"
"457;""6057 | (Rosarito (R-2))"";Petro 7;Boulevard Benito Juárez No. 350;Playas De Rosarito;Baja California;""22710"";ZM Tijuana;""1_Baja_ia"";7.32;7.32;32.36537;-117.0592"
"605;""6084 | (T-24 Silza Tijuana y Gabriel Rodriguez)"";Petro 7;Cucapah No. 20028;Tijuana;Baja California;""22579"";ZM Tijuana;""2_Baja_ia"";7.7;6.88;32.51204;-116.9097"
"18905;""6071 | (Via rapida Y Gpe.Vic.)"";Petro 7;Avenida Via Rapida Oriente No. 14000;Tijuana;Baja California;""22320"";ZM Tijuana;""2_Baja_ia"";7.7;7.26;32.51606;-116.969"
"20009;""6280 | (CALZADA TECNOLOGICO Y UNIVERSIDAD)"";Petro 7;Calzada Tecnológico No. 13801;Tijuana;Baja California;""22350"";ZM Tijuana;""2_Baja_ia"";7.7;7.64;32.52993;-116.9705"
"5819;""6258 | (La Amistad)"";Petro 7;Boulevard Industrial No. 17515;Tijuana;Baja California;""22510"";ZM Tijuana;""2_Baja_ia"";7.7;7.7;32.53352;-116.9412"
"2607;""6035 | (El Realito)"";Petro 7;Carretera Tijuana-Tecate No. 22202;Tijuana;Baja California;""22710"";ZM Tijuana;""2_Baja_ia"";7.7;7.74;32.44479;-116.8697"
"5818;""6257 | (Blvd. Insurgentes)"";Petro 7;Boulevard Insurgentes No. 19381;Tijuana;Baja California;""22225"";ZM Tijuana;""2_Baja_ia"";7.7;7.76;32.46627;-116.9168"
"545;""6048 | (Blvd. Clouthier esq. Calle San Martín)"";Petro 7;Boulevard Manuel J. Clouthier No. 2 Mz. 14 S/N;Tijuana;Baja California;""22226"";ZM Tijuana;""2_Baja_ia"";7.7;7.81;32.49222;-116.9343"
"9005;""6056 | (T1 Vía Rápida Poniente esq. Pacífico)"";Petro 7;Avenida Via Rapida Poniente No. 13002;Tijuana;Baja California;""22320"";ZM Tijuana;;;;;"
"1722;""6227 | (Maya del Norte (Vialidad 90 y Vialidad CH-P))"";Petro 7;Avenida Vialidad Ch-P No. 8812;Chihuahua;Chihuahua;""31416"";ZM Chihuahua;""5_Chih_ua"";8.075;8.02;28.60008;-106.1024"
"21020;""6236 | (SALIDA A CUAUHTEMOC)"";Petro 7;"""";Chihuahua;Chihuahua;""31150"";ZM Chihuahua;""5_Chih_ua"";8.075;8.13;28.51226692;-106.18395266"
"490;""6183 | (Las Industrias (Prol. Carlos Pacheco y Canal))"";Petro 7;Prolongación Carlos Pacheco No. 701;Chihuahua;Chihuahua;""31000"";ZM Chihuahua;""6_Chih_ua"";8.235;7.94;28.65146;-106.0694"
"1286;""6181 | (Platino (Av. De Las Industrias))"";Petro 7;Avenida Industrias No. 6306;Chihuahua;Chihuahua;""31150"";ZM Chihuahua;""6_Chih_ua"";8.235;8.14;28.67927;-106.089"
"524;""6185 | (Tecnologico y Pascual Orozco (La Cima))"";Petro 7;Avenida Tecnológico No. 2901;Chihuahua;Chihuahua;""31200"";ZM Chihuahua;""6_Chih_ua"";8.235;8.33;28.66151;-106.0861"
"1672;""6226 | (Lisboa y Canal)"";Petro 7;Lisboa No. 1201;Chihuahua;Chihuahua;""31065"";ZM Chihuahua;""6_Chih_ua"";8.235;8.46;28.63609;-106.0852"
"572;""6186 | (Plaza Vistas (Av. De La Juventud y Paseos Vistas del Sol))"";Petro 7;Periférico de La Juventud No. 3709;Chihuahua;Chihuahua;""31217"";ZM Chihuahua;""3_Chih_ua"";8.36;8.34;28.62766;-106.1183"
"7862;""6230 | (Periferico de la Juventud y Hacienda los Morales)"";Petro 7;Lateral Periférico de La Juventud Esquina Con Hacienda de Los Morales No. 2004;Chihuahua;Chihuahua;""31217"";ZM Chihuahua;""3_Chih_ua"";8.36;8.34;28.63716;-106.1226"
"10767;""6264 | (Ferrari)"";Petro 7;Avenida de La Juventud No. 4300;Chihuahua;Chihuahua;""31115"";ZM Chihuahua;""3_Chih_ua"";8.36;8.38;28.65333;-106.1304"
"19903;""6254 | (Cantera)"";Petro 7;Avenida Cantera No. 9911 Esquina Con Avenida Villa Toscana;Chihuahua;Chihuahua;""31115"";ZM Chihuahua;""3_Chih_ua"";8.36;8.39;28.64658;-106.1423"
"1291;""6217 | (Guillermo Prieto Lujan)"";Petro 7;Avenida Guillermo Prieto Luján No. 1002;Chihuahua;Chihuahua;""31137"";ZM Chihuahua;""7_Chih_ua"";8.37;8.34;28.74398;-106.1339"
"19325;""6253 | (Cimarrón)"";Petro 7;Avenida Desarrollo No. 2801 Esquina Con Retorno Impulso;Chihuahua;Chihuahua;""31183"";ZM Chihuahua;""7_Chih_ua"";8.37;8.4;28.74625;-106.1591"
"1661;""6225 | (Cumbre (Blvd. Juan Pablo II y Pacheco))"";Petro 7;Prolongación Avenida Pacheco No. 1905;Chihuahua;Chihuahua;""31380"";ZM Chihuahua;""2_Chih_ua"";8.395;8.34;28.62343;-106.0295"
"10549;""6182 | (K.O.P. (Blvd. Jose Fuentes Mares))"";Petro 7;Boulevard J. Fuentes Mares No. 7808;Chihuahua;Chihuahua;""31080"";ZM Chihuahua;""2_Chih_ua"";8.395;8.45;28.62065;-106.0337"
"4937;""6224 | (Av. Tecnológico y Calle Cd Guerrero (Fitzmaurice II))"";Petro 7;Avenida Tecnológico No. 11708;Chihuahua;Chihuahua;""31107"";ZM Chihuahua;""9_Chih_ua"";8.45;8.37;28.69941;-106.1207"
"480;""6184 | (Universidad (Campo del Norte y Miguel El Grande))"";Petro 7;A. Campo del Norte No. 10145;Chihuahua;Chihuahua;""31124"";ZM Chihuahua;""9_Chih_ua"";8.45;8.45;28.70224;-106.1422"
"478;""6180 | (Mas (Av. De la Juventud))"";Petro 7;Periférico de La Juventud No. 9701;Chihuahua;Chihuahua;""31124"";ZM Chihuahua;""9_Chih_ua"";8.45;8.45;28.68869;-106.1335"
"615;""6109 | (Revolucion y Nonoalco)"";Petro 7;Avenida Revolución No. 775;Benito Juárez;Ciudad De México;""3700"";ZM Valle de México;""0_Ciud_co"";9.1;9.1;19.38079;-99.18764"
"537;""6163 | (Villada y Calle Ferrocarril Hidalgo)"";Petro 7;Avenida Vicente Villada Esquina Ferrocarril Hidalgo;Gustavo A. Madero;Ciudad De México;""7460"";ZM Valle de México;""1_Ciud_co"";8.92;8.92;19.47922;-99.10912"
"472;""6095 | (Eficiente y Calzada de San Lorenzo)"";Petro 7;Avenida San Lorenzo Tezonco No. 429;Iztapalapa;Ciudad De México;""9850"";ZM Valle de México;""2_Ciud_co"";8.75;8.75;19.3335;-99.07513"
"814;""6301 | (SAN ANTONIO)"";Petro 7;Km 23.5 Carretera Puerto de Flores S/N;Arteaga;Coahuila De Zaragoza;""25370"";ZM Saltillo;""4_Coah_za"";8.35;8.16;25.27493;-100.5909"
"436;""6092 | (Nueva Arteaga)"";Petro 7;Carretera México - Piedras Negras Km 13.5;Arteaga;Coahuila De Zaragoza;""25320"";ZM Saltillo;""4_Coah_za"";8.35;8.26;25.42695;-100.8062"
"434;""8962 | (Arteaga)"";Petro 7;Boulevard Los Fundadores No. 850;Arteaga;Coahuila De Zaragoza;""25000"";ZM Saltillo;""4_Coah_za"";8.35;8.37;25.44611;-100.846"
"13581;""6178 | (Carr. Libre-Monterrey)"";Petro 7;Libramiento Prof. Oscar Flores Tapia No. 2183;Arteaga;Coahuila De Zaragoza;""25354"";ZM Saltillo;""4_Coah_za"";8.35;8.42;25.45824;-100.8963"
"471;""6101 | (Lazaro Cardenas)"";Petro 7;Calzada Lázaro Cárdenas No. 511-A Y Rebollo Acosta;Gómez Palacio;Coahuila De Zaragoza;""35064"";ZM La Laguna;""10_Coah_za"";7.915;7.46;25.56364;-103.4788"
"23042;""6250 | Boulevard Carlos Herrera (Teletón)"";Petro 7;ERNESTO HERRERA ZAVALA;Gómez Palacio;Coahuila De Zaragoza;""35140"";ZM La Laguna;""10_Coah_za"";7.915;7.69;25.5763;-103.4715"
"528;""6097 | (Av. Ejercito Mexicano y Av. Del Consuelo)"";Petro 7;Boulevard Ejercito Mexicano No. 405;Gómez Palacio;Coahuila De Zaragoza;""35015"";ZM La Laguna;""10_Coah_za"";7.915;7.87;25.59509;-103.4854"
"622;""6139 | (Ipiranga I (Libramiento Periferico Torreón-Gomez Lerdo I))"";Petro 7;Periférico Torreón - Gómez - Lerdo Km 4.5;Gómez Palacio;Coahuila De Zaragoza;""35070"";ZM La Laguna;""10_Coah_za"";7.915;7.96;25.59786;-103.4968"
"543;""6140 | (Ipiranga II (Libramiento Periferico Torreón-Gomez Lerdo II))"";Petro 7;Periférico Torreón - Gómez-Lerdo Km 4.5;Gómez Palacio;Coahuila De Zaragoza;""35070"";ZM La Laguna;""10_Coah_za"";7.915;8.3;25.5994;-103.4968"
"438;""6089 | (Nazario Ortiz)"";Petro 7;Boulevard Manuel Acuña No. 500;Ramos Arizpe;Coahuila De Zaragoza;""25208"";ZM Saltillo;""11_Coah_za"";8.35;8.35;25.53754;-100.9463"
"496;""6145 | (Cañon Colorado)"";Petro 7;Carretera Saltillo- Monterrey Km 26;Ramos Arizpe;Coahuila De Zaragoza;""25900"";ZM Saltillo;""14_Coah_za"";8.9;8.84;25.61303;-100.8398"
"764;""6295 | (DERRAMADERO)"";Petro 7;Carretera Estatal a Gral. Cepeda No. 2731;Saltillo;Coahuila De Zaragoza;""25324"";ZM Saltillo;""12_Coah_za"";7.405;7.2;25.2563;-101.1169"
"525;""6087 | (La Encantada)"";Petro 7;Carretera a Zacatecas Km 18.5 S/N;Saltillo;Coahuila De Zaragoza;""25320"";ZM Saltillo;""12_Coah_za"";7.405;7.61;25.26543;-101.0904"
"604;""6085 | (Narro)"";Petro 7;Calzada Antonio Narro No. 3370;Saltillo;Coahuila De Zaragoza;""25085"";ZM Saltillo;""15_Coah_za"";8.125;7.29;25.38988122;-101.02057309"
"530;""6028 | (Corona y Abasolo)"";Petro 7;Mariano Abasolo No. 916;Saltillo;Coahuila De Zaragoza;""25000"";ZM Saltillo;""15_Coah_za"";8.125;7.42;25.424;-100.9894"
"559;""6088 | (Las Flores II)"";Petro 7;Periférico Luis Echeverría No. 2502;Saltillo;Coahuila De Zaragoza;""25069"";ZM Saltillo;""15_Coah_za"";8.125;7.62;25.38848;-100.9898"
"619;""6174 | (Colosio y Valdes Sanchez)"";Petro 7;Boulevard Jesús Valdés Sanchez No. 1541;Saltillo;Coahuila De Zaragoza;""25034"";ZM Saltillo;""15_Coah_za"";8.125;7.64;25.44151;-100.9274"
"527;""6090 | (Campestre)"";Petro 7;Autopista Saltillo - Monterrey No. 9140;Saltillo;Coahuila De Zaragoza;""25207"";ZM Saltillo;""15_Coah_za"";8.125;7.9;25.50189;-100.9627"
"741;""6297 | (BRISAS)"";Petro 7;Boulevard Isidro López Zertuche No. 5851;Saltillo;Coahuila De Zaragoza;""25000"";ZM Saltillo;""15_Coah_za"";8.125;8.05;25.48155;-100.9835"
"485;""6086 | (Industrial)"";Petro 7;Boulevard Isidoro López Zertuche No. 5950;Saltillo;Coahuila De Zaragoza;""25210"";ZM Saltillo;""15_Coah_za"";8.125;8.08;25.48239;-100.9813"
"612;""6015 | (Luis Echeverria)"";Petro 7;Periférico Luis Echeverría No. 2843;Saltillo;Coahuila De Zaragoza;""25298"";ZM Saltillo;""15_Coah_za"";8.125;8.08;25.45015;-100.998"
"456;""8658 | (Rufino Tamayo)"";Petro 7;Boulevard Nazario Ortiz Garza S/N Esquina Rufino Tamayo;Saltillo;Coahuila De Zaragoza;""25000"";ZM Saltillo;""15_Coah_za"";8.125;8.12;25.45598;-100.9761"
"23251;""6240 | (EL CHIFLON II)"";Petro 7;CARRETERA SALTILLO - TORREON NUM. 12020;Saltillo;Coahuila De Zaragoza;""0"";ZM Saltillo;""15_Coah_za"";8.125;8.13;25.4561;-101.1042"
"488;""8662 | (Valle Real)"";Petro 7;Boulevard Cuauhtémoc No. 684;Saltillo;Coahuila De Zaragoza;""25205"";ZM Saltillo;""15_Coah_za"";8.125;8.21;25.47087;-100.9607"
"620;""8672 | (Ex-Hda. Los Rdz)"";Petro 7;Boulevard Venustiano Carranza S/N;Saltillo;Coahuila De Zaragoza;""25206"";ZM Saltillo;""15_Coah_za"";8.125;8.21;25.490101;-100.96777"
"740;""6300 | (METROPOLITANA)"";Petro 7;Periférico Luis Echeverría Álvarez No. 2450;Saltillo;Coahuila De Zaragoza;""25022"";ZM Saltillo;""15_Coah_za"";8.125;8.25;25.41525;-100.975"
"476;""6023 | (Fundadores)"";Petro 7;Boulevard Centenario de Torreón No. 7025;Saltillo;Coahuila De Zaragoza;""25019"";ZM Saltillo;""15_Coah_za"";8.125;8.3;25.43487;-100.9133"
"459;""8665 | (Carr. A Torreon)"";Petro 7;Periférico Luis Echeverría No. 1824;Saltillo;Coahuila De Zaragoza;""25113"";ZM Saltillo;""15_Coah_za"";8.125;8.46;25.45446;-101.0064"
"446;""6017 | (Noruega)"";Petro 7;Boulevard Venustiano Carranza No. 3932;Saltillo;Coahuila De Zaragoza;""25230"";ZM Saltillo;""15_Coah_za"";8.125;8.5;25.45791;-100.9836"
"519;""6165 | (Vito Alessio Robles)"";Petro 7;Boulevard Vito Alessio No. 4071;Saltillo;Coahuila De Zaragoza;""25100"";ZM Saltillo;""15_Coah_za"";8.125;8.54;25.47064;-100.995"
"646;""6299 | (Plaza Industrial)"";Petro 7;Boulevard Vito Alessio Robles No. 3506 Fraccionamiento Plaza Industrial;Saltillo;Coahuila De Zaragoza;""25100"";ZM Saltillo;""15_Coah_za"";8.125;8.71;25.46486;-100.9964"
"771;""6298 | (TOREO)"";Petro 7;Boulevard Jesús Valdés Sánchez No. 2911;Saltillo;Coahuila De Zaragoza;""25298"";ZM Saltillo;""4_Coah_za"";8.35;8.33;25.44261;-100.9147"
"752;""6296 | (LIBRAMIENTO JLP)"";Petro 7;Libramiento Oscar Flores Tapia Y Carretera 57 S/N Fraccionamiento El Llano;Saltillo;Coahuila De Zaragoza;""25167"";ZM Saltillo;""4_Coah_za"";8.35;8.47;25.44036;-100.8894"
"1280;""6167 | (Higueras)"";Petro 7;Carretera Monterrey - Saltillo No. 25500;Saltillo;Coahuila De Zaragoza;""25933"";ZM Saltillo;""14_Coah_za"";8.9;8.96;25.63323;-100.7989"
"10547;""6218 | (Blvd. Independencia Oriente y Arocena)"";Petro 7;Boulevard Independencia No. 501 Oriente;Torreón;Coahuila De Zaragoza;""27140"";ZM La Laguna;""10_Coah_za"";7.915;7.65;25.55189;-103.4446"
"565;""6098 | (Colon y Allende)"";Petro 7;Avenida Allende Esquina Colon S/N Segundo de Cobián;Torreón;Coahuila De Zaragoza;""27000"";ZM La Laguna;""10_Coah_za"";7.915;8.14;25.54146;-103.4483"
"9439;""6262 | (Monaco y Constitucion)"";Petro 7;Boulevard Constitución No. 1765;Torreón;Coahuila De Zaragoza;""27110"";ZM La Laguna;""10_Coah_za"";7.915;8.18;25.56874;-103.4337"
"470;""6134 | (Diagonal Reforma y Francisco Marquez)"";Petro 7;Boulevard Diagonal Reforma No. 2300;Torreón;Coahuila De Zaragoza;""27020"";ZM La Laguna;""7_Coah_za"";8.23;7.65;25.54993;-103.4232"
"577;""6096 | (Blvd. Torreón-Matamoros)"";Petro 7;Boulevard Torreón - Matamoros No. 9100;Torreón;Coahuila De Zaragoza;""27400"";ZM La Laguna;""7_Coah_za"";8.23;8.07;25.53419;-103.3228"
"529;""6102 | (Ave. Prolongación Juaréz y Libertad)"";Petro 7;Lt. 1 Mz. 2 Prolongación Juárez S/N;Torreón;Coahuila De Zaragoza;""27083"";ZM La Laguna;""7_Coah_za"";8.23;8.23;25.53979;-103.3584"
"1288;""6219 | (Blvd. Rodriguez Triana y Paseo del Tecnologico)"";Petro 7;Boulevard Rodríguez Triana No. 717 Sur;Torreón;Coahuila De Zaragoza;""27250"";ZM La Laguna;""7_Coah_za"";8.23;8.48;25.51707;-103.3903"
"10546;""6220 | (Villas La Merced)"";Petro 7;Calzada Diagonal de Las Fuentes No. 10;Torreón;Coahuila De Zaragoza;""27295"";ZM La Laguna;""7_Coah_za"";8.23;8.49;25.5072;-103.4001"
"3002;""6272 | (Servicio Elizondo)"";Petro 7;Conocido Ejido Ana Antigua Carretera a San Pedro No. 55;Torreón;Coahuila De Zaragoza;""27410"";ZM La Laguna;""1_Coah_za"";8.625;8.6;25.5968;-103.3818"
"9442;""6263 | (Encinos)"";Petro 7;Paseo de La Nogalera No. 724;Torreón;Coahuila De Zaragoza;""27420"";ZM La Laguna;""1_Coah_za"";8.625;8.65;25.60405;-103.4003"
"23695;""6159 | (Patria y Colón)"";Petro 7;AV. PATRIA NO. 2757 ESQUINA AV. COLON COLONIA EL SAUZ SECTOR JUAREZ GUADALAJARA JALISCO. C.P. 44987;Guadalajara;Jalisco;""0"";ZM Guadalajara;""0_Jali_co"";8.45;7.8;20.62619;-103.3871"
"9496;""6267 | (Toltecas)"";Petro 7;Cl Gobernador Curiel No. 3467;Guadalajara;Jalisco;""44990"";ZM Guadalajara;""0_Jali_co"";8.45;8.89;20.62228;-103.3462"
"2297;""6315 | Bilbao"";Petro 7;Circunvalación División de Norte No. 1116;Guadalajara;Jalisco;""44220"";ZM Guadalajara;""1_Jali_co"";8.62;8.19;20.70651;-103.3493"
"11951;""6256 | (Federalismo Centro)"";Petro 7;Morelos 785-A Y Pedro Moreno No. 766-A;Guadalajara;Jalisco;""44100"";ZM Guadalajara;""1_Jali_co"";8.62;8.62;20.6761;-103.3551"
"8193;""6309 | (SAN SEBASTIANITO)"";Petro 7;Periférico Sur 6810;San Pedro Tlaquepaque;Jalisco;""45602"";ZM Guadalajara;""5_Jali_co"";8.38;8.29;20.58796;-103.3846"
"19682;""6151 | (Prol. 8 de Julio)"";Petro 7;Avenida Prolongación 8 de Julio No. 2055;San Pedro Tlaquepaque;Jalisco;""45602"";ZM Guadalajara;""5_Jali_co"";8.38;8.38;20.57514;-103.3896"
"546;""6059 | (Periferico Sur antes Iteso)"";Petro 7;Periférico Sur No. 8745;San Pedro Tlaquepaque;Jalisco;""45235"";ZM Guadalajara;""5_Jali_co"";8.38;8.5;20.61091;-103.4194"
"23681;""6156 | (ISLA RAZA Y CRUZ DEL SUR)"";Petro 7;AV CRUZ DEL SUR 3680;San Pedro Tlaquepaque;Jalisco;""0"";ZM Guadalajara;""0_Jali_co"";8.45;8.45;20.63644;-103.3967"
"518;""7341 | (La Tijera)"";Petro 7;Carretera Guadalajara - Morelia Km 3.5;Tlajomulco De Zúñiga;Jalisco;""45640"";ZM Guadalajara;""10_Jali_co"";8.155;7.97;20.5867;-103.4448"
"512;""7378 | (Tlajomulco)"";Petro 7;Carretera México - Guadalajara;Tlajomulco De Zúñiga;Jalisco;""45645"";ZM Guadalajara;""10_Jali_co"";8.155;8.34;20.54878;-103.4711"
"623;""8837 | (Cajititlan)"";Petro 7;Carretera a Cajititlán No. 200;Tlajomulco De Zúñiga;Jalisco;""45640"";ZM Guadalajara;""8_Jali_co"";8.74;8.39;20.45484;-103.2512"
"549;""7480 | (Autopista Mexico)"";Petro 7;Autopista Guadalajara - Zapotlanejo S/N;Tonalá;Jalisco;""45400"";ZM Guadalajara;""8_Jali_co"";8.74;8.74;20.62028;-103.2741"
"452;""7475 | (Autopista Tonalá)"";Petro 7;Las Torres No. 55;Tonalá;Jalisco;""44130"";ZM Guadalajara;""8_Jali_co"";8.74;8.86;20.61732;-103.2545"
"23696;""6161 | (Patria y clouthier)"";Petro 7;AVENIDA PATRIA S/N ESQUINA AVENIDA MANUEL J. CLOUTHIER;Zapopan;Jalisco;""0"";ZM Guadalajara;""1_Jali_co"";8.62;8.21;20.65988;-103.4233"
"10548;""6177 | (Ouropreto)"";Petro 7;Carretera Guadalajara-Nogales Km 13.90;Zapopan;Jalisco;""45019"";ZM Guadalajara;""1_Jali_co"";8.62;8.65;20.72431;-103.5024"
"13716;""6255 | (San Juan)"";Petro 7;Avenida Lázaro Cárdenas No. 4183;Zapopan;Jalisco;""45042"";ZM Guadalajara;""1_Jali_co"";8.62;8.83;20.67408;-103.4122"
"465;""7359 | (Tec Guadalajara)"";Petro 7;Carretera a Base Aérea Militar No. 3353;Zapopan;Jalisco;""45140"";ZM Guadalajara;;;;;"
"8625;""6268 | (Domingo Diez (Servicio Altea))"";Petro 7;Avenida Domingo Diez 1302;Cuernavaca;Morelos;""62230"";ZM Cuernavaca;""1_More_os"";7.7;7.7;18.951;-99.23521"
"23043;""6202 | (Autopista Acapulco - Cuernavaca)"";Petro 7;Autopista Del Sol Mexico - Acapulco Km. 38.730;Temixco;Morelos;""62583"";ZM Cuernavaca;""0_More_os"";7.46;7.46;18.85645;-99.22026"
"484;""6135 | (San Mateo con San Juan Bosco)"";Petro 7;Calzada San Mateo No. 42;Atizapán De Zaragoza;México;""52946"";ZM Valle de México;""3_Méxi_co"";8.21;8.21;19.56659;-99.2421"
"553;""6200 | (Bodegas)"";Petro 7;Vía José López Portillo Km 26.50 S/N Esquina Canosas;Coacalco De Berriozábal;México;""55715"";ZM Valle de México;""0_Méxi_co"";8.59;8.4;19.63609;-99.10677"
"598;""6199 | (Eje 8)"";Petro 7;Vía José López Portillo S/N Esquina Eje Carlos Pichardo Cruz;Coacalco De Berriozábal;México;""55715"";ZM Valle de México;""0_Méxi_co"";8.59;8.59;19.6322;-99.0914"
"1278;""6100 | (Futbol San Marcos)"";Petro 7;Avenida Chalma S/N Esquina Avenida Paseo de Las Haciendas Lt. 6;Cuautitlán Izcalli;México;""55450"";ZM Valle de México;""1_Méxi_co"";8.165;8.03;19.67064;-99.2061"
"574;""6083 | (Santa Clara)"";Petro 7;Avenida Vía Morelos No. 322-A.;Ecatepec De Morelos;México;""55450"";ZM Valle de México;""0_Méxi_co"";8.59;8.7;19.54947;-99.05198"
"435;""6060 | (Circunvalación)"";Petro 7;Vía Dr. Gustavo Baz No. 46;Naucalpan De Juárez;México;""53000"";ZM Valle de México;""2_Méxi_co"";8.44;8.44;19.47735;-99.23218"
"2921;""4001 | Colin"";Petro 7;Carretera Zumpango - Apaxco No. 1 Esquina Crucero a Santa María Cuevas;Tequixquiac;México;""55610"";ZM Valle de México;;;;;"
"431;""6154 | (Santa Rosa)"";Petro 7;Avenida Santa Rosa No. 18;Tlalnepantla De Baz;México;""54160"";ZM Valle de México;""3_Méxi_co"";8.21;8.11;19.52987;-99.17842"
"430;""6082 | (Gustavo Baz)"";Petro 7;Avenida Gustavo Baz No. 2000;Tlalnepantla De Baz;México;""54030"";ZM Valle de México;""3_Méxi_co"";8.21;8.26;19.54421;-99.20648"
"499;""6081 | (Tultitlan)"";Petro 7;Tultitlán Poniente Esquina Independencia;Tultitlán;México;""54900"";ZM Valle de México;""1_Méxi_co"";8.165;8.3;19.63085;-99.16546"
"464;""8752 | (Las Boquillas)"";Petro 7;Carretera Nacional S/N Esquina Camino a Las Boquilla;Allende;Nuevo León;""67350"";Nuevo León;""45_Nuev_ón"";9.44;9.44;25.28464;-100.0302"
"581;""8892 | (Aeropuerto del Norte)"";Petro 7;Carretera a Laredo No. 3364 Km 21+176;Apodaca;Nuevo León;""66600"";ZM Monterrey;""40_Nuev_ón"";1.66;1.66;25.86027;-100.2367"
"487;""6091 | (Aeropuerto del Norte II)"";Petro 7;Carretera a Laredo Km 20;Apodaca;Nuevo León;""66600"";ZM Monterrey;""40_Nuev_ón"";1.66;1.66;25.85541;-100.24"
"621;""6112 | (Campo Militar)"";Petro 7;Carretera Monterrey - Laredo Km 19.8;Apodaca;Nuevo León;""66604"";ZM Monterrey;""40_Nuev_ón"";1.66;1.81;25.84843;-100.245"
"526;""6137 | (Barragan y Cipres)"";Petro 7;Ma. Concepción Barragán No. 203;Apodaca;Nuevo León;""66635"";ZM Monterrey;""32_Nuev_ón"";8.5;8.25;25.76571;-100.2573"
"596;""7427 | (Real Mezquital)"";Petro 7;Avenida Constitución S/N;Apodaca;Nuevo León;""66632"";ZM Monterrey;""32_Nuev_ón"";8.5;8.71;25.76412;-100.243"
"526;""6137 | (Barragan y Cipres)"";Petro 7;Ma. Concepción Barragán No. 203;Apodaca;Nuevo León;""66635"";ZM Monterrey;""35_Nuev_ón"";8.53;8.31;25.76571;-100.2573"
"596;""7427 | (Real Mezquital)"";Petro 7;Avenida Constitución S/N;Apodaca;Nuevo León;""66632"";ZM Monterrey;""35_Nuev_ón"";8.53;8.75;25.76412;-100.243"
"555;""7421 | (Andromeda)"";Petro 7;Avenida Andrómeda S/N;Apodaca;Nuevo León;""66635"";ZM Monterrey;""29_Nuev_ón"";8.675;8.7;25.79039;-100.261"
"609;""7544 | (Afganistan)"";Petro 7;Avenida Afganistán No. 1163;Apodaca;Nuevo León;""66635"";ZM Monterrey;""29_Nuev_ón"";8.68;8.68;25.78408;-100.2486"
"428;""6021 | (Milimex)"";Petro 7;Avenida Miguel Alemán No. 1000;Apodaca;Nuevo León;""66637"";ZM Monterrey;""39_Nuev_ón"";9.11;9.36;25.75267;-100.1985"
"609;""7544 | (Afganistan)"";Petro 7;Avenida Afganistán No. 1163;Apodaca;Nuevo León;""66635"";ZM Monterrey;""18_Nuev_ón"";9.125;8.71;25.78408;-100.2486"
"451;""7523 | (I. Sepulveda)"";Petro 7;Carretera Miguel Alemán No. 610;Apodaca;Nuevo León;""66633"";ZM Monterrey;""25_Nuev_ón"";9.14;9.14;25.73631465;-100.20841661"
"594;""6106 | (San Isidro)"";Petro 7;Carretera Apodaca-Benito Juárez No. 1101;Apodaca;Nuevo León;""66600"";ZM Monterrey;""21_Nuev_ón"";9.2;9.2;25.70155;-100.1302"
"581;""8892 | (Aeropuerto del Norte)"";Petro 7;Carretera a Laredo No. 3364 Km 21+176;Apodaca;Nuevo León;""66600"";ZM Monterrey;""38_Nuev_ón"";9.21;9.21;25.86027;-100.2367"
"487;""6091 | (Aeropuerto del Norte II)"";Petro 7;Carretera a Laredo Km 20;Apodaca;Nuevo León;""66600"";ZM Monterrey;""38_Nuev_ón"";9.21;9.21;25.85541;-100.24"
"621;""6112 | (Campo Militar)"";Petro 7;Carretera Monterrey - Laredo Km 19.8;Apodaca;Nuevo León;""66604"";ZM Monterrey;""38_Nuev_ón"";9.21;9.35;25.84843;-100.245"
"458;""8538 | (Orquidea)"";Petro 7;Orquídea No. 538;Apodaca;Nuevo León;""66647"";ZM Monterrey;""41_Nuev_ón"";9.215;9.19;25.70878;-100.1629"
"492;""6132 | (Gaspar Castaño y Antiguo Camino a San Miguel)"";Petro 7;Gaspar Castaño No. 1000;Apodaca;Nuevo León;""66649"";ZM Monterrey;""41_Nuev_ón"";9.215;9.19;25.71746;-100.1685"
"489;""6008 | (Prologis Park)"";Petro 7;Carretera Miguel Alemán No. 1000;Apodaca;Nuevo León;""66600"";ZM Monterrey;""37_Nuev_ón"";9.22;9.22;25.7805;-100.1759"
"450;""7512 | (Agua Fria)"";Petro 7;Carretera Miguel Alemán No. 1001;Apodaca;Nuevo León;""66200"";ZM Monterrey;""37_Nuev_ón"";9.22;9.26;25.78579;-100.1586"
"492;""6132 | (Gaspar Castaño y Antiguo Camino a San Miguel)"";Petro 7;Gaspar Castaño No. 1000;Apodaca;Nuevo León;""66649"";ZM Monterrey;""47_Nuev_ón"";9.28;9.23;25.71746;-100.1685"
"458;""8538 | (Orquidea)"";Petro 7;Orquídea No. 538;Apodaca;Nuevo León;""66647"";ZM Monterrey;""47_Nuev_ón"";9.28;9.24;25.70878;-100.1629"
"603;""7477 | (Balcones del Norte)"";Petro 7;Carretera a Laredo No. 1600;Apodaca;Nuevo León;""66056"";ZM Monterrey;""48_Nuev_ón"";9.35;9.41;25.82103;-100.264"
"428;""6021 | (Milimex)"";Petro 7;Avenida Miguel Alemán No. 1000;Apodaca;Nuevo León;""66637"";ZM Monterrey;""53_Nuev_ón"";9.37;9.37;25.75267;-100.1985"
"555;""7421 | (Andromeda)"";Petro 7;Avenida Andrómeda S/N;Apodaca;Nuevo León;""66635"";ZM Monterrey;""18_Nuev_ón"";9.46;8.73;25.79039;-100.261"
"594;""6106 | (San Isidro)"";Petro 7;Carretera Apodaca-Benito Juárez No. 1101;Apodaca;Nuevo León;""66600"";ZM Monterrey;""47_Nuev_ón"";9.475;9.24;25.70155;-100.1302"
"515;""8834 | (Rodhesia)"";Petro 7;Avenida Rodhesia No. 501;Apodaca;Nuevo León;""66640"";ZM Monterrey;""47_Nuev_ón"";9.475;9.71;25.73066;-100.1625"
"451;""7523 | (I. Sepulveda)"";Petro 7;Carretera Miguel Alemán No. 610;Apodaca;Nuevo León;""66633"";ZM Monterrey;""27_Nuev_ón"";9.48;9.11;25.73631465;-100.20841661"
"489;""6008 | (Prologis Park)"";Petro 7;Carretera Miguel Alemán No. 1000;Apodaca;Nuevo León;""66600"";ZM Monterrey;""39_Nuev_ón"";9.54;9.46;25.7805;-100.1759"
"450;""7512 | (Agua Fria)"";Petro 7;Carretera Miguel Alemán No. 1001;Apodaca;Nuevo León;""66200"";ZM Monterrey;""39_Nuev_ón"";9.54;9.54;25.78579;-100.1586"
"573;""6073 | (El Sabinal)"";Petro 7;Avenida Luis Donaldo Colosio No. 100;Apodaca;Nuevo León;""66640"";ZM Monterrey;""44_Nuev_ón"";9.56;9.51;25.75881;-100.1725"
"515;""8834 | (Rodhesia)"";Petro 7;Avenida Rodhesia No. 501;Apodaca;Nuevo León;""66640"";ZM Monterrey;""25_Nuev_ón"";9.7;9.7;25.73066;-100.1625"
"6472;""6303 | (LAS SALINAS)"";Petro 7;Carretera Cadereyta-Hacienda Chihuahua No. 1002;Cadereyta Jiménez;Nuevo León;""67484"";ZM Monterrey;""9_Nuev_ón"";8.65;8.65;25.56279;-99.97826"
"7888;""6302 | (LA LOPEZ)"";Petro 7;Prolongación Benito Juárez No. 403;Cadereyta Jiménez;Nuevo León;""67450"";ZM Monterrey;""5_Nuev_ón"";8.795;8.72;25.57028;-100.0145"
"13579;""6198 | (Carr. Cadereyta - Allende KM 900)"";Petro 7;Boulevard Revolución Km 900;Cadereyta Jiménez;Nuevo León;""67480"";ZM Monterrey;""5_Nuev_ón"";8.795;8.79;25.5821;-100.0024"
"9354;""6304 | (GASOLINERA JUDEL MONTERREY)"";Petro 7;Juárez No. 915;Cadereyta Jiménez;Nuevo León;""67450"";ZM Monterrey;""5_Nuev_ón"";8.795;8.8;25.5926;-100.0126"
"10247;""6305 | (GASOLINERA JUDEL CHIHUAHUITA)"";Petro 7;Cuauhtemoc No. 716;Cadereyta Jiménez;Nuevo León;""67480"";ZM Monterrey;""5_Nuev_ón"";8.795;8.84;25.58308;-99.99425"
"6472;""6303 | (LAS SALINAS)"";Petro 7;Carretera Cadereyta-Hacienda Chihuahua No. 1002;Cadereyta Jiménez;Nuevo León;""67484"";ZM Monterrey;""7_Nuev_ón"";8.825;8.74;25.56279;-99.97826"
"7888;""6302 | (LA LOPEZ)"";Petro 7;Prolongación Benito Juárez No. 403;Cadereyta Jiménez;Nuevo León;""67450"";ZM Monterrey;""4_Nuev_ón"";8.835;8.76;25.57028;-100.0145"
"13579;""6198 | (Carr. Cadereyta - Allende KM 900)"";Petro 7;Boulevard Revolución Km 900;Cadereyta Jiménez;Nuevo León;""67480"";ZM Monterrey;""4_Nuev_ón"";8.835;8.83;25.5821;-100.0024"
"9354;""6304 | (GASOLINERA JUDEL MONTERREY)"";Petro 7;Juárez No. 915;Cadereyta Jiménez;Nuevo León;""67450"";ZM Monterrey;""4_Nuev_ón"";8.835;8.84;25.5926;-100.0126"
"10247;""6305 | (GASOLINERA JUDEL CHIHUAHUITA)"";Petro 7;Cuauhtemoc No. 716;Cadereyta Jiménez;Nuevo León;""67480"";ZM Monterrey;""4_Nuev_ón"";8.835;8.89;25.58308;-99.99425"
"1917;""6316 | (Servicio Cadereyta)"";Petro 7;Autopista Monterrey-Reynosa Km 337;Cadereyta Jiménez;Nuevo León;""67451"";ZM Monterrey;""14_Nuev_ón"";8.92;8.92;25.60259;-99.97349"
"1917;""6316 | (Servicio Cadereyta)"";Petro 7;Autopista Monterrey-Reynosa Km 337;Cadereyta Jiménez;Nuevo León;""67451"";ZM Monterrey;""13_Nuev_ón"";8.96;8.96;25.60259;-99.97349"
"1281;""6143 | (Heberto Castillo y Hacienda del Sol)"";Petro 7;Avenida Hacienda del Sol No. 200-B;García;Nuevo León;""66003"";ZM Monterrey;""18_Nuev_ón"";9.46;9.46;25.78245;-100.5763"
"597;""8681 | (Privadas Las Villas)"";Petro 7;Boulevard Heberto Castillo No. 1000;García;Nuevo León;""66600"";ZM Monterrey;""18_Nuev_ón"";9.46;9.46;25.78744;-100.5805"
"22869;""6251 | (Libramiento Lincoln)"";Petro 7;LIBRAMIENTO NOROESTE KM. 15.100;García;Nuevo León;""66036"";ZM Monterrey;""0_Nuev_ón"";9.47;9.47;25.77638;-100.4587"
"1281;""6143 | (Heberto Castillo y Hacienda del Sol)"";Petro 7;Avenida Hacienda del Sol No. 200-B;García;Nuevo León;""66003"";ZM Monterrey;""16_Nuev_ón"";9.63;9.73;25.78245;-100.5763"
"597;""8681 | (Privadas Las Villas)"";Petro 7;Boulevard Heberto Castillo No. 1000;García;Nuevo León;""66600"";ZM Monterrey;""16_Nuev_ón"";9.63;9.73;25.78744;-100.5805"
"21991;""6249 | (LIBRAMIENTO A LAS PEDRERAS)"";Petro 7;"""";General Escobedo;Nuevo León;""66050"";ZM Monterrey;""1_Nuev_ón"";8.49;8.49;25.8129;-100.3797"
"589;""6141 | (Grasual (Raúl Salinas y Compostela))"";Petro 7;Avenida Raúl Salinas No. 299;General Escobedo;Nuevo León;""66056"";ZM Monterrey;""31_Nuev_ón"";8.64;9.02;25.78637;-100.3206"
"547;""7350 | (Villa del Parque)"";Petro 7;Avenida Raúl Salinas Lozano No. 193;General Escobedo;Nuevo León;""66070"";ZM Monterrey;""31_Nuev_ón"";8.64;9.24;25.77943;-100.318"
"1284;""6068 | (Juarez)"";Petro 7;Boulevard Benito Juárez No. 106;General Escobedo;Nuevo León;""66050"";ZM Monterrey;""31_Nuev_ón"";8.64;9.43;25.79136;-100.3057"
"589;""6141 | (Grasual (Raúl Salinas y Compostela))"";Petro 7;Avenida Raúl Salinas No. 299;General Escobedo;Nuevo León;""66056"";ZM Monterrey;""22_Nuev_ón"";8.72;8.6;25.78637;-100.3206"
"547;""7350 | (Villa del Parque)"";Petro 7;Avenida Raúl Salinas Lozano No. 193;General Escobedo;Nuevo León;""66070"";ZM Monterrey;""22_Nuev_ón"";8.72;8.85;25.77943;-100.318"
"1284;""6068 | (Juarez)"";Petro 7;Boulevard Benito Juárez No. 106;General Escobedo;Nuevo León;""66050"";ZM Monterrey;""22_Nuev_ón"";8.72;9.14;25.79136;-100.3057"
"439;""6067 | (Colombia)"";Petro 7;Carretera a Colombia No. 400;General Escobedo;Nuevo León;""66050"";ZM Monterrey;""24_Nuev_ón"";9.225;9.36;25.77202;-100.2918"
"513;""6064 | (Arco Vial)"";Petro 7;Libramiento Monterrey - Saltillo No. 1700 Km 31.500;General Escobedo;Nuevo León;""66058"";ZM Monterrey;""48_Nuev_ón"";9.35;9.15;25.82599;-100.2875"
"13582;""6157 | (Carretera Colombia y Porfirio Diaz)"";Petro 7;Carretera Colombia No 4390;General Escobedo;Nuevo León;""66050"";ZM Monterrey;""48_Nuev_ón"";9.35;9.35;25.84832;-100.2929"
"590;""6069 | (Sucursal)"";Petro 7;Evaristo Caballero No. 3299;General Escobedo;Nuevo León;""66058"";ZM Monterrey;""48_Nuev_ón"";9.35;9.35;25.82625;-100.2963"
"448;""7466 | (Carr. a Colombia)"";Petro 7;Carretera a Colombia No. 3100;General Escobedo;Nuevo León;""66050"";ZM Monterrey;""48_Nuev_ón"";9.35;9.41;25.81873;-100.2944"
"439;""6067 | (Colombia)"";Petro 7;Carretera a Colombia No. 400;General Escobedo;Nuevo León;""66050"";ZM Monterrey;""30_Nuev_ón"";9.56;9.68;25.77202;-100.2918"
"561;""6105 | (La Silla (Santa Maria))"";Petro 7;Avenida Pablo Livas No. 101;Guadalupe;Nuevo León;""67198"";ZM Monterrey;""7_Nuev_ón"";8.395;7.93;25.65562;-100.184"
"4528;""6234 | (Guadalupe (Av. Eloy Cavazos y Sierra de Lampazos))"";Petro 7;Avenida Eloy Cavazos 7890;Guadalupe;Nuevo León;""67192"";ZM Monterrey;""10_Nuev_ón"";8.415;8.22;25.6463;-100.1796"
"432;""8783 | (Palacio Federal)"";Petro 7;Avenida Benito Juárez No. 701;Guadalupe;Nuevo León;""67100"";ZM Monterrey;""16_Nuev_ón"";8.51;8.51;25.68003;-100.2656"
"520;""6107 | (Santa Margarita)"";Petro 7;Avenida Chapultepec No. 816;Guadalupe;Nuevo León;""67140"";ZM Monterrey;""16_Nuev_ón"";8.51;9.1;25.66576;-100.2664"
"4528;""6234 | (Guadalupe (Av. Eloy Cavazos y Sierra de Lampazos))"";Petro 7;Avenida Eloy Cavazos 7890;Guadalupe;Nuevo León;""67192"";ZM Monterrey;""11_Nuev_ón"";8.54;8.16;25.6463;-100.1796"
"432;""8783 | (Palacio Federal)"";Petro 7;Avenida Benito Juárez No. 701;Guadalupe;Nuevo León;""67100"";ZM Monterrey;""19_Nuev_ón"";8.635;8.58;25.68003;-100.2656"
"520;""6107 | (Santa Margarita)"";Petro 7;Avenida Chapultepec No. 816;Guadalupe;Nuevo León;""67140"";ZM Monterrey;""19_Nuev_ón"";8.635;9.17;25.66576;-100.2664"
"538;""7363 | (Coahuila)"";Petro 7;Carretera Reynosa No. 251;Guadalupe;Nuevo León;""67190"";ZM Monterrey;""3_Nuev_ón"";8.68;8.58;25.66026;-100.1466"
"11414;""6265 | (La Roca)"";Petro 7;Avenida Benito Juárez No. 4320;Guadalupe;Nuevo León;""67180"";ZM Monterrey;""7_Nuev_ón"";8.71;8.68;25.67444;-100.2132"
"11414;""6265 | (La Roca)"";Petro 7;Avenida Benito Juárez No. 4320;Guadalupe;Nuevo León;""67180"";ZM Monterrey;""6_Nuev_ón"";8.76;8.76;25.67444;-100.2132"
"474;""6022 | (Federalismo)"";Petro 7;Avenida Benito Juárez No. 611;Guadalupe;Nuevo León;""67199"";ZM Monterrey;""7_Nuev_ón"";8.8;8.8;25.66857;-100.1769"
"558;""7320 | (Olmeca)"";Petro 7;Avenida Benito Juárez No. 1601;Guadalupe;Nuevo León;""67150"";ZM Monterrey;""34_Nuev_ón"";8.91;8.91;25.6788;-100.2365"
"538;""7363 | (Coahuila)"";Petro 7;Carretera Reynosa No. 251;Guadalupe;Nuevo León;""67190"";ZM Monterrey;""46_Nuev_ón"";9.0;8.66;25.66026;-100.1466"
"561;""6105 | (La Silla (Santa Maria))"";Petro 7;Avenida Pablo Livas No. 101;Guadalupe;Nuevo León;""67198"";ZM Monterrey;""42_Nuev_ón"";9.03;7.88;25.65562;-100.184"
"1282;""6214 | (Dulni (Rayón y Porvenir))"";Petro 7;Rayón No. 401;Guadalupe;Nuevo León;""67110"";ZM Monterrey;""39_Nuev_ón"";9.11;9.02;25.69165;-100.2215"
"486;""8734 | (Las Sabinas)"";Petro 7;Boulevard Miguel de La Madrid Km 8 Lado Sur;Guadalupe;Nuevo León;""67116"";ZM Monterrey;""39_Nuev_ón"";9.11;9.11;25.69145;-100.1952"
"571;""7167 | (Mexico)"";Petro 7;Avenida México No. 100;Guadalupe;Nuevo León;""67113"";ZM Monterrey;""25_Nuev_ón"";9.14;9.14;25.72328;-100.1915"
"481;""7533 | (Miguel de La Madrid)"";Petro 7;Autopista Monterrey - Cadereyta Km 10 No. 1310;Guadalupe;Nuevo León;""67115"";ZM Monterrey;""41_Nuev_ón"";9.215;9.24;25.69438;-100.1764"
"461;""8680 | (Palma Gorda)"";Petro 7;Autopista Monterrey - Reynosa Km 10 No. 1321;Guadalupe;Nuevo León;""67100"";ZM Monterrey;""41_Nuev_ón"";9.215;9.34;25.69495;-100.1733"
"558;""7320 | (Olmeca)"";Petro 7;Avenida Benito Juárez No. 1601;Guadalupe;Nuevo León;""67150"";ZM Monterrey;""15_Nuev_ón"";9.265;8.97;25.6788;-100.2365"
"481;""7533 | (Miguel de La Madrid)"";Petro 7;Autopista Monterrey - Cadereyta Km 10 No. 1310;Guadalupe;Nuevo León;""67115"";ZM Monterrey;""47_Nuev_ón"";9.28;9.28;25.69438;-100.1764"
"461;""8680 | (Palma Gorda)"";Petro 7;Autopista Monterrey - Reynosa Km 10 No. 1321;Guadalupe;Nuevo León;""67100"";ZM Monterrey;""47_Nuev_ón"";9.28;9.39;25.69495;-100.1733"
"13580;""6213 | (Av. Central y Francisco I. Madero)"";Petro 7;Avenida Central No. 2513;Guadalupe;Nuevo León;""66655"";ZM Monterrey;""4_Nuev_ón"";9.32;9.32;25.81581;-100.1086"
"13580;""6213 | (Av. Central y Francisco I. Madero)"";Petro 7;Avenida Central No. 2513;Guadalupe;Nuevo León;""66655"";ZM Monterrey;""3_Nuev_ón"";9.34;9.34;25.81581;-100.1086"
"1282;""6214 | (Dulni (Rayón y Porvenir))"";Petro 7;Rayón No. 401;Guadalupe;Nuevo León;""67110"";ZM Monterrey;""15_Nuev_ón"";9.4;9.39;25.69165;-100.2215"
"486;""8734 | (Las Sabinas)"";Petro 7;Boulevard Miguel de La Madrid Km 8 Lado Sur;Guadalupe;Nuevo León;""67116"";ZM Monterrey;""15_Nuev_ón"";9.4;9.52;25.69145;-100.1952"
"571;""7167 | (Mexico)"";Petro 7;Avenida México No. 100;Guadalupe;Nuevo León;""67113"";ZM Monterrey;""27_Nuev_ón"";9.48;9.11;25.72328;-100.1915"
"474;""6022 | (Federalismo)"";Petro 7;Avenida Benito Juárez No. 611;Guadalupe;Nuevo León;""67199"";ZM Monterrey;""42_Nuev_ón"";9.51;9.45;25.66857;-100.1769"
"437;""6138 | (Acueducto y Santa Isabel)"";Petro 7;Avenida Acueducto No. 801 Y 803;Juárez;Nuevo León;""67280"";ZM Monterrey;""11_Nuev_ón"";7.96;7.96;25.62543;-100.1731"
"517;""7374 | (Eloy Cavazos)"";Petro 7;Avenida Eloy Cavazos S/N;Juárez;Nuevo León;""67195"";ZM Monterrey;""10_Nuev_ón"";8.415;8.04;25.64484;-100.1696"
"3811;""6260 | (Geld)"";Petro 7;Antiguo Camino a San Roque Km 2.9 1200 A;Juárez;Nuevo León;""67277"";ZM Monterrey;""10_Nuev_ón"";8.415;8.61;25.63927;-100.1528"
"517;""7374 | (Eloy Cavazos)"";Petro 7;Avenida Eloy Cavazos S/N;Juárez;Nuevo León;""67195"";ZM Monterrey;""11_Nuev_ón"";8.54;7.96;25.64484;-100.1696"
"3811;""6260 | (Geld)"";Petro 7;Antiguo Camino a San Roque Km 2.9 1200 A;Juárez;Nuevo León;""67277"";ZM Monterrey;""11_Nuev_ón"";8.54;8.54;25.63927;-100.1528"
"3812;""6259 | (Carma)"";Petro 7;Carretera a San Roque Km 2.9 No. 1200;Juárez;Nuevo León;""67277"";ZM Monterrey;""13_Nuev_ón"";8.66;8.66;25.64062;-100.1515"
"19022;""6223 | (Prol. Eloy Cavazos II)"";Petro 7;Prolongación Eloy Cavazos No. 3200;Juárez;Nuevo León;""67275"";ZM Monterrey;""3_Nuev_ón"";8.68;8.68;25.63159;-100.128"
"463;""7418 | (San Roque)"";Petro 7;Carretera Los Ebanitos - San Roque No. 500;Juárez;Nuevo León;""67250"";ZM Monterrey;""3_Nuev_ón"";8.68;8.93;25.65684;-100.1361"
"437;""6138 | (Acueducto y Santa Isabel)"";Petro 7;Avenida Acueducto No. 801 Y 803;Juárez;Nuevo León;""67280"";ZM Monterrey;""54_Nuev_ón"";8.72;7.9;25.62543;-100.1731"
"3812;""6259 | (Carma)"";Petro 7;Carretera a San Roque Km 2.9 No. 1200;Juárez;Nuevo León;""67277"";ZM Monterrey;""12_Nuev_ón"";8.725;8.72;25.64062;-100.1515"
"19022;""6223 | (Prol. Eloy Cavazos II)"";Petro 7;Prolongación Eloy Cavazos No. 3200;Juárez;Nuevo León;""67275"";ZM Monterrey;""12_Nuev_ón"";8.725;8.73;25.63159;-100.128"
"463;""7418 | (San Roque)"";Petro 7;Carretera Los Ebanitos - San Roque No. 500;Juárez;Nuevo León;""67250"";ZM Monterrey;""46_Nuev_ón"";9.0;9.0;25.65684;-100.1361"
"606;""8563 | (Solidaridad)"";Petro 7;Avenida Luis Donaldo Colosio S/N Esquina No Reelección;Monterrey;Nuevo León;""64100"";ZM Monterrey;""20_Nuev_ón"";0.45;0.45;25.76518;-100.397"
"624;""8854 | (No Reelección)"";Petro 7;Avenida Luis Donaldo Colosio No. 1100;Monterrey;Nuevo León;""64571"";ZM Monterrey;""20_Nuev_ón"";0.45;0.45;25.76576;-100.3987"
"4573;""6311 | (LOS ASTROS)"";Petro 7;Avenida No Reelección No. 200;Monterrey;Nuevo León;""64108"";ZM Monterrey;""20_Nuev_ón"";0.555;0.57;25.76947;-100.4034"
"523;""6160 | (Albahaca y Luis Donaldo Colosio)"";Petro 7;Avenida Luis Donaldo Colosio No. 100;Monterrey;Nuevo León;""64100"";ZM Monterrey;""20_Nuev_ón"";0.59;0.43;25.77217;-100.3883"
"469;""6123 | (Av. Ruiz Cortines esq. Av. Puerta de Hierro)"";Petro 7;Avenida Ruíz Cortines No. 9000 Y 9000-1;Monterrey;Nuevo León;""64670"";ZM Monterrey;""20_Nuev_ón"";1.26;1.23;25.76333;-100.4128"
"425;""6155 | (Santa Cecilia (Abraham Lincoln y Rangel Frías))"";Petro 7;Avenida Lincoln No. 4512;Monterrey;Nuevo León;""64300"";ZM Monterrey;""29_Nuev_ón"";1.71;1.71;25.7197;-100.359"
"564;""6066 | (Ruiz Cortines (Rangel Frias))"";Petro 7;Avenida Raúl Rangel Frías No. 699;Monterrey;Nuevo León;""64660"";ZM Monterrey;""29_Nuev_ón"";1.99;2.0;25.71314;-100.3628"
"523;""6160 | (Albahaca y Luis Donaldo Colosio)"";Petro 7;Avenida Luis Donaldo Colosio No. 100;Monterrey;Nuevo León;""64100"";ZM Monterrey;""31_Nuev_ón"";8.19;8.01;25.77217;-100.3883"
"4573;""6311 | (LOS ASTROS)"";Petro 7;Avenida No Reelección No. 200;Monterrey;Nuevo León;""64108"";ZM Monterrey;""31_Nuev_ón"";8.19;8.15;25.76947;-100.4034"
"606;""8563 | (Solidaridad)"";Petro 7;Avenida Luis Donaldo Colosio S/N Esquina No Reelección;Monterrey;Nuevo León;""64100"";ZM Monterrey;""31_Nuev_ón"";8.19;8.19;25.76518;-100.397"
"624;""8854 | (No Reelección)"";Petro 7;Avenida Luis Donaldo Colosio No. 1100;Monterrey;Nuevo León;""64571"";ZM Monterrey;""31_Nuev_ón"";8.19;8.19;25.76576;-100.3987"
"540;""6076 | (Minisolidaridad)"";Petro 7;Avenida Luis Donaldo Colosio No. 1000-1;Monterrey;Nuevo León;""64100"";ZM Monterrey;""31_Nuev_ón"";8.19;8.31;25.76277;-100.4024"
"469;""6123 | (Av. Ruiz Cortines esq. Av. Puerta de Hierro)"";Petro 7;Avenida Ruíz Cortines No. 9000 Y 9000-1;Monterrey;Nuevo León;""64670"";ZM Monterrey;""31_Nuev_ón"";8.19;8.9;25.76333;-100.4128"
"608;""6171 | (Prolongación Francisco I. Madero)"";Petro 7;Prolongación Madero No. 4221;Monterrey;Nuevo León;""64590"";ZM Monterrey;""16_Nuev_ón"";8.51;8.43;25.68494;-100.2729"
"608;""6171 | (Prolongación Francisco I. Madero)"";Petro 7;Prolongación Madero No. 4221;Monterrey;Nuevo León;""64590"";ZM Monterrey;""19_Nuev_ón"";8.635;8.5;25.68494;-100.2729"
"426;""6002 | (Cortijo del Rio)"";Petro 7;Avenida Eugenio Garza Sada No. 139;Monterrey;Nuevo León;""64890"";ZM Monterrey;""54_Nuev_ón"";8.72;9.54;25.60693;-100.2683"
"444;""7283 | (Pino Suarez II)"";Petro 7;Avenida Pino Suarez No. 932 Sur;Monterrey;Nuevo León;""64000"";ZM Monterrey;""50_Nuev_ón"";9.065;8.86;25.66751;-100.3207"
"12593;""6307 | (VENUSTIANO)"";Petro 7;Avenida Venustiano Carranza No. 699;Monterrey;Nuevo León;""64000"";ZM Monterrey;""50_Nuev_ón"";9.065;9.27;25.67186;-100.3329"
"12595;""6308 | (REVOLUCIÓN)"";Petro 7;Avenida Revolución No. 2555;Monterrey;Nuevo León;""64830"";ZM Monterrey;""8_Nuev_ón"";9.2;8.99;25.65422;-100.2775"
"1290;""6215 | (Vega (Garza Sada))"";Petro 7;Avenida Eugenio Garza Sada No. 2406 Sur;Monterrey;Nuevo León;""64700"";ZM Monterrey;""8_Nuev_ón"";9.2;9.2;25.65398;-100.2943"
"6545;""6287 | (LADERAS DEL MIRADOR)"";Petro 7;Lázaro Cárdenas 2475;Monterrey;Nuevo León;""64765"";ZM Monterrey;""8_Nuev_ón"";9.2;9.39;25.63396;-100.3067"
"12593;""6307 | (VENUSTIANO)"";Petro 7;Avenida Venustiano Carranza No. 699;Monterrey;Nuevo León;""64000"";ZM Monterrey;""6_Nuev_ón"";9.23;9.23;25.67186;-100.3329"
"566;""6075 | (Volcan)"";Petro 7;Avenida Manuel L. Barragán No. 4908;Monterrey;Nuevo León;""64260"";ZM Monterrey;""28_Nuev_ón"";9.23;9.23;25.72574;-100.3175"
"579;""6127 | (Av. Ruiz Cortines esq. Amado Nervo)"";Petro 7;Avenida Ruiz Cortines No. 700;Monterrey;Nuevo León;""64670"";ZM Monterrey;""28_Nuev_ón"";9.23;9.39;25.70392;-100.3196"
"540;""6076 | (Minisolidaridad)"";Petro 7;Avenida Luis Donaldo Colosio No. 1000-1;Monterrey;Nuevo León;""64100"";ZM Monterrey;""20_Nuev_ón"";9.25;8.74;25.76277;-100.4024"
"566;""6075 | (Volcan)"";Petro 7;Avenida Manuel L. Barragán No. 4908;Monterrey;Nuevo León;""64260"";ZM Monterrey;""26_Nuev_ón"";9.285;9.2;25.72574;-100.3175"
"579;""6127 | (Av. Ruiz Cortines esq. Amado Nervo)"";Petro 7;Avenida Ruiz Cortines No. 700;Monterrey;Nuevo León;""64670"";ZM Monterrey;""26_Nuev_ón"";9.285;9.37;25.70392;-100.3196"
"569;""7003 | (Leones)"";Petro 7;Avenida Paseo de Los Leones No. 300;Monterrey;Nuevo León;""64610"";ZM Monterrey;""27_Nuev_ón"";9.48;9.51;25.69688;-100.3575"
"602;""7429 | (Prolongacion Constitucion)"";Petro 7;Boulevard Díaz Ordaz No. 3111;Monterrey;Nuevo León;""64019"";ZM Monterrey;""27_Nuev_ón"";9.48;9.65;25.67348;-100.3921"
"426;""6002 | (Cortijo del Rio)"";Petro 7;Avenida Eugenio Garza Sada No. 139;Monterrey;Nuevo León;""64890"";ZM Monterrey;""55_Nuev_ón"";9.5;9.5;25.60693;-100.2683"
"569;""7003 | (Leones)"";Petro 7;Avenida Paseo de Los Leones No. 300;Monterrey;Nuevo León;""64610"";ZM Monterrey;""29_Nuev_ón"";9.505;9.88;25.69688;-100.3575"
"12595;""6308 | (REVOLUCIÓN)"";Petro 7;Avenida Revolución No. 2555;Monterrey;Nuevo León;""64830"";ZM Monterrey;""5_Nuev_ón"";9.53;9.37;25.65422;-100.2775"
"1290;""6215 | (Vega (Garza Sada))"";Petro 7;Avenida Eugenio Garza Sada No. 2406 Sur;Monterrey;Nuevo León;""64700"";ZM Monterrey;""5_Nuev_ón"";9.53;9.53;25.65398;-100.2943"
"6545;""6287 | (LADERAS DEL MIRADOR)"";Petro 7;Lázaro Cárdenas 2475;Monterrey;Nuevo León;""64765"";ZM Monterrey;""5_Nuev_ón"";9.53;9.73;25.63396;-100.3067"
"544;""6065 | (Boulevard)"";Petro 7;Boulevard Constitución No. 900;Monterrey;Nuevo León;""64660"";ZM Monterrey;""30_Nuev_ón"";9.575;9.59;25.66981;-100.3696"
"427;""7343 | (Miravalle)"";Petro 7;Avenida San Pedro No. 100;Monterrey;Nuevo León;""64660"";ZM Monterrey;""30_Nuev_ón"";9.575;9.59;25.67366;-100.3682"
"425;""6155 | (Santa Cecilia (Abraham Lincoln y Rangel Frías))"";Petro 7;Avenida Lincoln No. 4512;Monterrey;Nuevo León;""64300"";ZM Monterrey;""55_Nuev_ón"";9.59;9.49;25.7197;-100.359"
"564;""6066 | (Ruiz Cortines (Rangel Frias))"";Petro 7;Avenida Raúl Rangel Frías No. 699;Monterrey;Nuevo León;""64660"";ZM Monterrey;""55_Nuev_ón"";9.59;9.69;25.71314;-100.3628"
"482;""8593 | (Los Cristales)"";Petro 7;Carretera Nacional Km 263 S/N;Monterrey;Nuevo León;""67300"";ZM Monterrey;""41_Nuev_ón"";9.61;9.91;25.53799;-100.219"
"427;""7343 | (Miravalle)"";Petro 7;Avenida San Pedro No. 100;Monterrey;Nuevo León;""64660"";ZM Monterrey;""32_Nuev_ón"";9.63;9.64;25.67366;-100.3682"
"544;""6065 | (Boulevard)"";Petro 7;Boulevard Constitución No. 900;Monterrey;Nuevo León;""64660"";ZM Monterrey;""32_Nuev_ón"";9.63;9.66;25.66981;-100.3696"
"482;""8593 | (Los Cristales)"";Petro 7;Carretera Nacional Km 263 S/N;Monterrey;Nuevo León;""67300"";ZM Monterrey;""40_Nuev_ón"";9.71;9.71;25.53799;-100.219"
"602;""7429 | (Prolongacion Constitucion)"";Petro 7;Boulevard Díaz Ordaz No. 3111;Monterrey;Nuevo León;""64019"";ZM Monterrey;""11_Nuev_ón"";9.9;9.95;25.67348;-100.3921"
"21791;""6229 | (CARRETERA PESQUERIA-SANTA MARIA)"";Petro 7;"""";Pesquería;Nuevo León;""66679"";ZM Monterrey;""2_Nuev_ón"";8.63;8.63;25.76265;-99.98902"
"494;""6018 | (Diego Diaz)"";Petro 7;Avenida Nogalar No. 305 Sur Interior 1;San Nicolás De Los Garza;Nuevo León;""66484"";ZM Monterrey;""36_Nuev_ón"";8.34;8.34;25.71853;-100.2887"
"494;""6018 | (Diego Diaz)"";Petro 7;Avenida Nogalar No. 305 Sur Interior 1;San Nicolás De Los Garza;Nuevo León;""66484"";ZM Monterrey;""51_Nuev_ón"";8.4;8.4;25.71853;-100.2887"
"570;""6117 | (Los Nogales)"";Petro 7;Avenida Republica Mexicana No. 600;San Nicolás De Los Garza;Nuevo León;""66417"";ZM Monterrey;""35_Nuev_ón"";8.57;8.57;25.76927;-100.273"
"441;""6142 | (Nogalar y Av. Los Angeles)"";Petro 7;Avenida Nogalar No. 2908 Esquina Avenida Los Ángeles;San Nicolás De Los Garza;Nuevo León;""66484"";ZM Monterrey;""52_Nuev_ón"";8.61;8.36;25.70874;-100.2766"
"433;""7339 | (Felix Galvan)"";Petro 7;Avenida Félix Galván S/N;San Nicolás De Los Garza;Nuevo León;""66490"";ZM Monterrey;""52_Nuev_ón"";8.61;8.61;25.71057;-100.2634"
"521;""6146 | (Av. Romulo Garza y Av. Roberto Garza Sada)"";Petro 7;Avenida Félix Galván No. 520;San Nicolás De Los Garza;Nuevo León;""66496"";ZM Monterrey;""52_Nuev_ón"";8.61;8.61;25.71224;-100.26066"
"599;""7428 | (Anillo Vial)"";Petro 7;Avenida Periférico No. 201 Esquina Republica Mexicana;San Nicolás De Los Garza;Nuevo León;""66450"";ZM Monterrey;""52_Nuev_ón"";8.61;8.67;25.73661;-100.2871"
"441;""6142 | (Nogalar y Av. Los Angeles)"";Petro 7;Avenida Nogalar No. 2908 Esquina Avenida Los Ángeles;San Nicolás De Los Garza;Nuevo León;""66484"";ZM Monterrey;""19_Nuev_ón"";8.635;8.44;25.70874;-100.2766"
"433;""7339 | (Felix Galvan)"";Petro 7;Avenida Félix Galván S/N;San Nicolás De Los Garza;Nuevo León;""66490"";ZM Monterrey;""19_Nuev_ón"";8.635;8.69;25.71057;-100.2634"
"521;""6146 | (Av. Romulo Garza y Av. Roberto Garza Sada)"";Petro 7;Avenida Félix Galván No. 520;San Nicolás De Los Garza;Nuevo León;""66496"";ZM Monterrey;""19_Nuev_ón"";8.635;8.69;25.71224;-100.26066"
"599;""7428 | (Anillo Vial)"";Petro 7;Avenida Periférico No. 201 Esquina Republica Mexicana;San Nicolás De Los Garza;Nuevo León;""66450"";ZM Monterrey;""22_Nuev_ón"";8.72;8.7;25.73661;-100.2871"
"462;""7431 | (C.F.E.)"";Petro 7;Avenida Adolfo López Mateos S/N;San Nicolás De Los Garza;Nuevo León;""66450"";ZM Monterrey;""46_Nuev_ón"";9.0;9.33;25.73667;-100.2444"
"4527;""6233 | (Roble (Manuel L. Barragan))"";Petro 7;Manuel L Barragan No. 200;San Nicolás De Los Garza;Nuevo León;""66458"";ZM Monterrey;""28_Nuev_ón"";9.17;9.17;25.74268;-100.3118"
"4527;""6233 | (Roble (Manuel L. Barragan))"";Petro 7;Manuel L Barragan No. 200;San Nicolás De Los Garza;Nuevo León;""66458"";ZM Monterrey;""30_Nuev_ón"";9.2;9.2;25.74268;-100.3118"
"551;""8443 | (Porfirio Diaz)"";Petro 7;Porfirio Díaz S/N Esquina Arturo B. de La Garza;San Nicolás De Los Garza;Nuevo León;""66400"";ZM Monterrey;""24_Nuev_ón"";9.225;9.14;25.75716;-100.2869"
"586;""6062 | (Av. Benito Juarez San Nicolas)"";Petro 7;Avenida Benito Juárez No. 736;San Nicolás De Los Garza;Nuevo León;""64400"";ZM Monterrey;""24_Nuev_ón"";9.225;9.18;25.75324;-100.2974"
"613;""7293 | (Camarena)"";Petro 7;Arturo B. de La Garza S/N;San Nicolás De Los Garza;Nuevo León;""66414"";ZM Monterrey;""24_Nuev_ón"";9.225;9.27;25.76551;-100.2887"
"578;""6079 | (Universidad y Alfonso Reyes)"";Petro 7;Avenida Universidad No. 960 Esquina Bernardo Reyes;San Nicolás De Los Garza;Nuevo León;""64400"";ZM Monterrey;""24_Nuev_ón"";9.225;9.28;25.75637;-100.2961"
"541;""7345 | (Las Flores)"";Petro 7;Avenida de Las Flores No. 1400;San Nicolás De Los Garza;Nuevo León;""66495"";ZM Monterrey;""15_Nuev_ón"";9.265;9.26;25.71714;-100.2357"
"1289;""6212 | (Charole)"";Petro 7;Avenida Félix Galván No. 1324 Oriente;San Nicolás De Los Garza;Nuevo León;""67190"";ZM Monterrey;""15_Nuev_ón"";9.265;9.27;25.71895;-100.2366"
"563;""7344 | (Juan Montemayor)"";Petro 7;Avenida Juan Montemayor No. 300;San Nicolás De Los Garza;Nuevo León;""66440"";ZM Monterrey;""15_Nuev_ón"";9.265;9.34;25.71573;-100.2403"
"567;""6078 | (Conductores)"";Petro 7;Avenida López Mateos No. 700;San Nicolás De Los Garza;Nuevo León;""66490"";ZM Monterrey;""46_Nuev_ón"";9.33;9.33;25.72883;-100.2535"
"600;""7433 | (C. al Mezquital)"";Petro 7;Avenida López Mateos S/N;San Nicolás De Los Garza;Nuevo León;""66440"";ZM Monterrey;""46_Nuev_ón"";9.33;9.35;25.73068;-100.253"
"567;""6078 | (Conductores)"";Petro 7;Avenida López Mateos No. 700;San Nicolás De Los Garza;Nuevo León;""66490"";ZM Monterrey;""21_Nuev_ón"";9.375;9.37;25.72883;-100.2535"
"600;""7433 | (C. al Mezquital)"";Petro 7;Avenida López Mateos S/N;San Nicolás De Los Garza;Nuevo León;""66440"";ZM Monterrey;""21_Nuev_ón"";9.375;9.38;25.73068;-100.253"
"462;""7431 | (C.F.E.)"";Petro 7;Avenida Adolfo López Mateos S/N;San Nicolás De Los Garza;Nuevo León;""66450"";ZM Monterrey;""21_Nuev_ón"";9.41;9.36;25.73667;-100.2444"
"586;""6062 | (Av. Benito Juarez San Nicolas)"";Petro 7;Avenida Benito Juárez No. 736;San Nicolás De Los Garza;Nuevo León;""64400"";ZM Monterrey;""30_Nuev_ón"";9.56;9.51;25.75324;-100.2974"
"551;""8443 | (Porfirio Diaz)"";Petro 7;Porfirio Díaz S/N Esquina Arturo B. de La Garza;San Nicolás De Los Garza;Nuevo León;""66400"";ZM Monterrey;""30_Nuev_ón"";9.56;9.51;25.75716;-100.2869"
"578;""6079 | (Universidad y Alfonso Reyes)"";Petro 7;Avenida Universidad No. 960 Esquina Bernardo Reyes;San Nicolás De Los Garza;Nuevo León;""64400"";ZM Monterrey;""30_Nuev_ón"";9.56;9.59;25.75637;-100.2961"
"613;""7293 | (Camarena)"";Petro 7;Arturo B. de La Garza S/N;San Nicolás De Los Garza;Nuevo León;""66414"";ZM Monterrey;""30_Nuev_ón"";9.56;9.61;25.76551;-100.2887"
"466;""8918 | (Telefonos)"";Petro 7;Avenida Teléfono No. 1000 Esquina Con Erídano;San Nicolás De Los Garza;Nuevo León;""66600"";ZM Monterrey;""44_Nuev_ón"";9.56;9.61;25.73397;-100.174"
"570;""6117 | (Los Nogales)"";Petro 7;Avenida Republica Mexicana No. 600;San Nicolás De Los Garza;Nuevo León;""66417"";ZM Monterrey;""32_Nuev_ón"";9.63;8.53;25.76927;-100.273"
"541;""7345 | (Las Flores)"";Petro 7;Avenida de Las Flores No. 1400;San Nicolás De Los Garza;Nuevo León;""66495"";ZM Monterrey;""33_Nuev_ón"";9.64;9.64;25.71714;-100.2357"
"1289;""6212 | (Charole)"";Petro 7;Avenida Félix Galván No. 1324 Oriente;San Nicolás De Los Garza;Nuevo León;""67190"";ZM Monterrey;""33_Nuev_ón"";9.64;9.64;25.71895;-100.2366"
"563;""7344 | (Juan Montemayor)"";Petro 7;Avenida Juan Montemayor No. 300;San Nicolás De Los Garza;Nuevo León;""66440"";ZM Monterrey;""33_Nuev_ón"";9.64;9.69;25.71573;-100.2403"
"4466;""6293 | (CORREGIDORA II)"";Petro 7;Boulevard Díaz Ordaz Km 335;San Pedro Garza García;Nuevo León;""66200"";ZM Monterrey;""11_Nuev_ón"";8.54;9.4;25.67452;-100.4047"
"4466;""6293 | (CORREGIDORA II)"";Petro 7;Boulevard Díaz Ordaz Km 335;San Pedro Garza García;Nuevo León;""66200"";ZM Monterrey;""27_Nuev_ón"";9.48;9.48;25.67452;-100.4047"
"1279;""6111 | (Vasconcelos y Gral. Treviño)"";Petro 7;Avenida Vasconcelos No. 600;San Pedro Garza García;Nuevo León;""66232"";ZM Monterrey;""27_Nuev_ón"";9.48;9.62;25.66074;-100.3989"
"560;""6131 | (Corregidora esq. Blvd Diaz Ordaz)"";Petro 7;Boulevard Díaz Ordaz No. 600;San Pedro Garza García;Nuevo León;""64480"";ZM Monterrey;""11_Nuev_ón"";9.5;9.5;25.67414;-100.4021"
"560;""6131 | (Corregidora esq. Blvd Diaz Ordaz)"";Petro 7;Boulevard Díaz Ordaz No. 600;San Pedro Garza García;Nuevo León;""64480"";ZM Monterrey;""27_Nuev_ón"";9.565;9.57;25.67414;-100.4021"
"5861;""6274 | (Bosques del Valle)"";Petro 7;Avenida Roberto Garza Sada No. 334;San Pedro Garza García;Nuevo León;""66250"";ZM Monterrey;""30_Nuev_ón"";9.575;9.55;25.63652;-100.3755"
"4530;""6239 | (Ave. Gomez Morín y Vía Savotino)"";Petro 7;Calle Rio San Lorenzo No. 699;San Pedro Garza García;Nuevo León;""66220"";ZM Monterrey;""30_Nuev_ón"";9.575;9.56;25.6599;-100.3562"
"4530;""6239 | (Ave. Gomez Morín y Vía Savotino)"";Petro 7;Calle Rio San Lorenzo No. 699;San Pedro Garza García;Nuevo León;""66220"";ZM Monterrey;""32_Nuev_ón"";9.63;9.6;25.6599;-100.3562"
"5861;""6274 | (Bosques del Valle)"";Petro 7;Avenida Roberto Garza Sada No. 334;San Pedro Garza García;Nuevo León;""66250"";ZM Monterrey;""32_Nuev_ón"";9.63;9.63;25.63652;-100.3755"
"1279;""6111 | (Vasconcelos y Gral. Treviño)"";Petro 7;Avenida Vasconcelos No. 600;San Pedro Garza García;Nuevo León;""66232"";ZM Monterrey;""11_Nuev_ón"";9.9;9.95;25.66074;-100.3989"
"13583;""6194 | (Parque Industrial)"";Petro 7;Avenida Acueducto No. 99-A;Santa Catarina;Nuevo León;""66070"";ZM Monterrey;""22_Nuev_ón"";8.72;8.72;25.79267;-100.3353"
"595;""8667 | (Luis Donaldo Colosio)"";Petro 7;Carretera Monterrey-Villa de García No. 711;Santa Catarina;Nuevo León;""66368"";ZM Monterrey;""20_Nuev_ón"";8.775;8.75;25.69789;-100.4674"
"1285;""7441 | (Calle 15)"";Petro 7;Avenida Luis Donaldo Colosio No. 109;Santa Catarina;Nuevo León;""66350"";ZM Monterrey;""20_Nuev_ón"";8.775;8.8;25.69271;-100.4569"
"447;""6013 | (Hacienda Los Portales)"";Petro 7;Avenida Cuauhtémoc No. 237;Santa Catarina;Nuevo León;""66145"";ZM Monterrey;""42_Nuev_ón"";9.03;9.03;25.67901;-100.4386"
"473;""6016 | (La Fama)"";Petro 7;Boulevard Díaz Ordaz No. 118;Santa Catarina;Nuevo León;""66100"";ZM Monterrey;""42_Nuev_ón"";9.03;9.16;25.67491;-100.4262"
"588;""6005 | (Carr. A Saltillo)"";Petro 7;Carretera Monterrey -Saltillo No. 3937 Km 63 Carril Norte;Santa Catarina;Nuevo León;""66367"";ZM Monterrey;""35_Nuev_ón"";9.1;9.1;25.69306;-100.5097"
"13583;""6194 | (Parque Industrial)"";Petro 7;Avenida Acueducto No. 99-A;Santa Catarina;Nuevo León;""66070"";ZM Monterrey;""23_Nuev_ón"";9.11;9.11;25.79267;-100.3353"
"595;""8667 | (Luis Donaldo Colosio)"";Petro 7;Carretera Monterrey-Villa de García No. 711;Santa Catarina;Nuevo León;""66368"";ZM Monterrey;""36_Nuev_ón"";9.175;9.17;25.69789;-100.4674"
"1285;""7441 | (Calle 15)"";Petro 7;Avenida Luis Donaldo Colosio No. 109;Santa Catarina;Nuevo León;""66350"";ZM Monterrey;""36_Nuev_ón"";9.175;9.18;25.69271;-100.4569"
"516;""7399 | (Abastos Sta. Cata.)"";Petro 7;Carretera Monterrey - Saltillo No. 301;Santa Catarina;Nuevo León;""66350"";ZM Monterrey;""37_Nuev_ón"";9.22;8.94;25.68592;-100.4652"
"514;""7412 | (Avenida Dos)"";Petro 7;Avenida Manuel Ordoñez No. 2300;Santa Catarina;Nuevo León;""66358"";ZM Monterrey;""37_Nuev_ón"";9.22;9.22;25.67927;-100.4822"
"455;""8556 | (Puerta Monterrey)"";Petro 7;Carretera Monterrey-Saltillo No. 1602;Santa Catarina;Nuevo León;""66358"";ZM Monterrey;""37_Nuev_ón"";9.22;9.27;25.68477;-100.4806"
"588;""6005 | (Carr. A Saltillo)"";Petro 7;Carretera Monterrey -Saltillo No. 3937 Km 63 Carril Norte;Santa Catarina;Nuevo León;""66367"";ZM Monterrey;""24_Nuev_ón"";9.225;9.15;25.69306;-100.5097"
"516;""7399 | (Abastos Sta. Cata.)"";Petro 7;Carretera Monterrey - Saltillo No. 301;Santa Catarina;Nuevo León;""66350"";ZM Monterrey;""47_Nuev_ón"";9.28;8.98;25.68592;-100.4652"
"514;""7412 | (Avenida Dos)"";Petro 7;Avenida Manuel Ordoñez No. 2300;Santa Catarina;Nuevo León;""66358"";ZM Monterrey;""47_Nuev_ón"";9.28;9.28;25.67927;-100.4822"
"455;""8556 | (Puerta Monterrey)"";Petro 7;Carretera Monterrey-Saltillo No. 1602;Santa Catarina;Nuevo León;""66358"";ZM Monterrey;""47_Nuev_ón"";9.28;9.33;25.68477;-100.4806"
"447;""6013 | (Hacienda Los Portales)"";Petro 7;Avenida Cuauhtémoc No. 237;Santa Catarina;Nuevo León;""66145"";ZM Monterrey;""9_Nuev_ón"";9.39;9.39;25.67901;-100.4386"
"473;""6016 | (La Fama)"";Petro 7;Boulevard Díaz Ordaz No. 118;Santa Catarina;Nuevo León;""66100"";ZM Monterrey;""9_Nuev_ón"";9.39;9.51;25.67491;-100.4262"
"587;""6020 | (Nueva los Garza)"";Petro 7;Los Garza No. 120;Santa Catarina;Nuevo León;""66354"";ZM Monterrey;""23_Nuev_ón"";9.4;9.4;25.66529;-100.4599"
"4547;""6292 | (SAN ANGEL)"";Petro 7;Boulevard Díaz Ordaz No. 2123 Esquina Con 20 de Noviembre;Santa Catarina;Nuevo León;""66100"";ZM Monterrey;""27_Nuev_ón"";9.48;9.08;25.67506;-100.4203"
"587;""6020 | (Nueva los Garza)"";Petro 7;Los Garza No. 120;Santa Catarina;Nuevo León;""66354"";ZM Monterrey;""25_Nuev_ón"";9.8;9.73;25.66529;-100.4599"
"4547;""6292 | (SAN ANGEL)"";Petro 7;Boulevard Díaz Ordaz No. 2123 Esquina Con 20 de Noviembre;Santa Catarina;Nuevo León;""66100"";ZM Monterrey;""11_Nuev_ón"";9.9;9.5;25.67506;-100.4203"
"5955;""6273 | (Francisco Salazar)"";Petro 7;Carretera Nacional Km 244;Santiago;Nuevo León;""67320"";ZM Monterrey;""10_Nuev_ón"";8.415;9.02;25.39726806;-100.12707153"
"445;""7340 | (Villa de Santiago)"";Petro 7;Carretera Nacional No. 100;Santiago;Nuevo León;""67300"";ZM Monterrey;""49_Nuev_ón"";8.65;8.65;25.43211;-100.1526"
"5955;""6273 | (Francisco Salazar)"";Petro 7;Carretera Nacional Km 244;Santiago;Nuevo León;""67320"";ZM Monterrey;""8_Nuev_ón"";9.155;9.06;25.39726806;-100.12707153"
"440;""6080 | (El Yerbaniz)"";Petro 7;Carretera Nacional No. 120;Santiago;Nuevo León;""67302"";ZM Monterrey;""50_Nuev_ón"";9.3;9.61;25.49524;-100.1889"
"440;""6080 | (El Yerbaniz)"";Petro 7;Carretera Nacional No. 120;Santiago;Nuevo León;""67302"";ZM Monterrey;""52_Nuev_ón"";9.56;9.56;25.49524;-100.1889"
"583;""6051 | (Los Cedros)"";Petro 7;Avenida Lauro Villar No. 7110 Esquina Los Cedros;Matamoros;Tamaulipas;""87499"";ZM Matamoros;""4_Tama_as"";3.83;3.61;25.83842;-97.44485"
"491;""6046 | (Blvd. Internacional)"";Petro 7;División del Norte No. 39 Esquina Boulevard Internacional;Matamoros;Tamaulipas;""87420"";ZM Matamoros;""4_Tama_as"";3.83;3.78;25.86424;-97.47339"
"477;""6034 | (Casa Blanca)"";Petro 7;Avenida Constituyentes No. 510 Esquina Avenida Casa Blanca;Matamoros;Tamaulipas;""87345"";ZM Matamoros;""4_Tama_as"";3.83;3.88;25.85833;-97.53786"
"575;""6164 | (Plan de Ayutla y Manuel Cavazos Lerma)"";Petro 7;Boulevard Manuel Cavazos Lerma No. 83;Matamoros;Tamaulipas;""87380"";ZM Matamoros;""4_Tama_as"";3.83;4.09;25.85519;-97.50922"
"460;""8660 | (Loma Blanca)"";Petro 7;Boulevard Luis Donaldo Colosio No. 1000;Reynosa;Tamaulipas;""88780"";ZM Reynosa;""9_Tama_as"";3.93;3.93;26.04685;-98.22788"
"454;""8569 | (El Guerreño)"";Petro 7;Carretera a Matamoros Esquina Fraccionamiento Villareal;Reynosa;Tamaulipas;""88500"";ZM Reynosa;""8_Tama_as"";3.95;3.95;26.0139;-98.20425"
"556;""8768 | (El Guerreño II)"";Petro 7;Carretera Federal 2 Reynosa-Rio Bravo Esquina Camino Parcelario No. 500;Reynosa;Tamaulipas;""88850"";ZM Reynosa;""8_Tama_as"";3.95;3.95;26.0128;-98.19566"
"542;""7410 | (El Mezquite)"";Petro 7;Carretera Monterrey - Reynosa Esquina Con Avenida Cerro del Mercado;Reynosa;Tamaulipas;""88780"";ZM Reynosa;""8_Tama_as"";3.95;3.99;26.02191;-98.23244"
"557;""7395 | (Carretera Mty - Reynosa)"";Petro 7;Carretera Monterrey -Reynosa S/N;Reynosa;Tamaulipas;""88730"";ZM Reynosa;""1_Tama_as"";3.985;3.92;26.05171;-98.37684"
"592;""8934 | (El Berrendo)"";Petro 7;Carretera Reynosa- Monterrey Km 203;Reynosa;Tamaulipas;""88500"";ZM Reynosa;""1_Tama_as"";3.985;3.96;26.04917;-98.38633"
"467;""8827 | (Las Trancas)"";Petro 7;Carretera Monterrey-Reynosa Km 202.5 Esquina Con Privada de Las Bugambilias;Reynosa;Tamaulipas;""88654"";ZM Reynosa;""1_Tama_as"";3.985;3.96;26.04565;-98.39253"
"511;""7365 | (Granjas)"";Petro 7;Carretera Reynosa - Monterrey Esquina Con Calle Central S/N;Reynosa;Tamaulipas;""88730"";ZM Reynosa;""1_Tama_as"";3.985;3.98;26.05263;-98.37744"
"611;""7456 | (Jarachina)"";Petro 7;Carretera Monterrey - Reynosa Esquina Rosario S/N;Reynosa;Tamaulipas;""88730"";ZM Reynosa;""1_Tama_as"";3.985;3.99;26.05935;-98.35895"
"580;""6011 | (San Jacinto)"";Petro 7;Boulevard Hidalgo No. 422 Esquina Calle San Jacinto;Reynosa;Tamaulipas;""88730"";ZM Reynosa;""1_Tama_as"";3.985;3.99;26.06025;-98.35571"
"607;""8564 | (La Lomita)"";Petro 7;Carretera Reynosa- Monterrey Km 111;Reynosa;Tamaulipas;""88500"";ZM Reynosa;""1_Tama_as"";3.985;4.01;26.04127;-98.40625"
"475;""7324 | (San Juana)"";Petro 7;Avenida Tecnológico No. 310;Reynosa;Tamaulipas;""88500"";ZM Reynosa;""1_Tama_as"";3.985;4.02;26.04279;-98.35052"
"429;""6040 | (Escandon)"";Petro 7;Boulevard Hidalgo No. 1313 Esquina Calle José Escandón;Reynosa;Tamaulipas;""88670"";ZM Reynosa;""6_Tama_as"";4.03;3.9;26.08213;-98.29991"
"550;""8553 | (Puerto Mexico)"";Petro 7;Calle Once Esquina Boulevard Morelos;Reynosa;Tamaulipas;""88660"";ZM Reynosa;""6_Tama_as"";4.03;3.92;26.06401;-98.29431"
"468;""7394 | (Rio Purificacion)"";Petro 7;Río Purificación No. 218;Reynosa;Tamaulipas;""88756"";ZM Reynosa;""6_Tama_as"";4.03;3.94;26.04308;-98.30024"
"453;""8582 | (Pinares)"";Petro 7;Carretera Matamoros Km 91;Reynosa;Tamaulipas;""88750"";ZM Reynosa;""6_Tama_as"";4.03;3.95;26.05218;-98.29163"
"568;""6061 | (Luis Echeverria II)"";Petro 7;Libramiento Luis Echeverría Esquina Boulevard Ferrocarril No. 601;Reynosa;Tamaulipas;""88540"";ZM Reynosa;""6_Tama_as"";4.03;4.03;26.09215;-98.29046"
"495;""7275 | (La Ribereña)"";Petro 7;Ribereña No. 900;Reynosa;Tamaulipas;""88620"";ZM Reynosa;""6_Tama_as"";4.03;4.03;26.08957;-98.29279"
"610;""7490 | (Praxedis)"";Petro 7;Avenida Praxedis Balboa S/N;Reynosa;Tamaulipas;""88699"";ZM Reynosa;""6_Tama_as"";4.03;4.07;26.07309;-98.29394"
"582;""7279 | (Portes Gil)"";Petro 7;Avenida Emilio Portes Gil S/N;Reynosa;Tamaulipas;""88560"";ZM Reynosa;""6_Tama_as"";4.03;4.09;26.08634;-98.27101"
"585;""8954 | (Canal de Rodhe)"";Petro 7;Prolongación Rio Purificación No. 800 Esquina Oscar Alexander;Reynosa;Tamaulipas;""88793"";ZM Reynosa;""6_Tama_as"";4.03;4.1;26.03787;-98.29977"
"1287;""6125 | (Retorno No. 9 y Virreyes (Zertuche))"";Petro 7;Avenida Dr. Sartuche Ibarra No. 1001;Reynosa;Tamaulipas;""88620"";ZM Reynosa;""6_Tama_as"";4.03;4.26;26.08686;-98.30334"
"552;""8454 | (Anacuas)"";Petro 7;Carretera a San Fernando S/N;Reynosa;Tamaulipas;""88500"";ZM Reynosa;""5_Tama_as"";4.055;4.04;26.00909;-98.27705"
"593;""8725 | (La Retama)"";Petro 7;Carretera a San Fernando Esquina Con Camino a La Retama Km 108.2;Reynosa;Tamaulipas;""88855"";ZM Reynosa;""5_Tama_as"";4.055;4.07;25.98758;-98.27431"
"522;""6136 | (Viaducto Reynosa y Miguel Angel)"";Petro 7;Viaducto Reynosa Esquina Miguel Ángel No. 230;Reynosa;Tamaulipas;""88799"";ZM Reynosa;""5_Tama_as"";4.055;4.1;25.99472;-98.25284"
"1283;""8562 | (Americo Villarreal)"";Petro 7;Lt.S 2 Y 3 Mz. 76 Zona 1;Reynosa;Tamaulipas;""88776"";ZM Reynosa;""2_Tama_as"";4.13;4.13;26.03152;-98.26519"
"6831;""6243 | (Reforma Esq. Américo Villarreal II)"";Petro 7;Carretera Federal Reynosa-Matamoros Km 92;Reynosa;Tamaulipas;""88760"";ZM Reynosa;""7_Tama_as"";4.15;3.95;26.05528;-98.29227"
"7531;""6235 | (Engrei)"";Petro 7;Km 208 Carretera Reynosa-Monterrey;Reynosa;Tamaulipas;""88735"";ZM Reynosa;""7_Tama_as"";4.15;4.01;26.0676;-98.33872"
"443;""6050 | (Central Mil Cumbres)"";Petro 7;Avenida Central No. 215-B Y Callejón San Juan Esquina Mil Cumbres;Reynosa;Tamaulipas;""88740"";ZM Reynosa;""7_Tama_as"";4.15;4.04;26.06297;-98.32712"
"479;""7438 | (Rio Colorado)"";Petro 7;Boulevard Las Fuentes Esquina Con Rio Carneros;Reynosa;Tamaulipas;""88710"";ZM Reynosa;""7_Tama_as"";4.15;4.06;26.05507;-98.32028"
"614;""6045 | (Bella Vista)"";Petro 7;Boulevard Hidalgo No. 99 Esquina Calle Bella Vista;Reynosa;Tamaulipas;""88747"";ZM Reynosa;""7_Tama_as"";4.15;4.07;26.06836;-98.33501"
"591;""7389 | (Abastos Reynosa)"";Petro 7;Libramiento de La Carretera Monterrey - Matamoros S/N;Reynosa;Tamaulipas;""88756"";ZM Reynosa;""7_Tama_as"";4.15;4.15;26.04473;-98.31477"
"539;""8876 | (Blvd. Hidalgo)"";Petro 7;Boulevard Hidalgo No. 106-C;Reynosa;Tamaulipas;""88710"";ZM Reynosa;""7_Tama_as"";4.15;4.4;26.07043;-98.33169"
"576;""6052 | (Oriente Dos)"";Petro 7;Boulevard Paseo Loma Real No. 514;Reynosa;Tamaulipas;""88710"";ZM Reynosa;""7_Tama_as"";4.15;4.41;26.07018;-98.32381"
"483;""7495 | (Cardenas Las Fuentes)"";Petro 7;Décima Esquina Con Boulevard Las Fuentes No. 115;Reynosa;Tamaulipas;""88710"";ZM Reynosa;""7_Tama_as"";4.15;4.41;26.06835;-98.31638"
"442;""6053 | (México Nogales)"";Petro 7;Avenida México No. 103 Esquina Nogales;Reynosa;Tamaulipas;""88740"";ZM Reynosa;""7_Tama_as"";4.15;4.41;26.07711;-98.32571"
"493;""6072 | (Pekin esq. Sierra Mayor)"";Petro 7;Calle Pekín No. 321;Reynosa;Tamaulipas;""88710"";ZM Reynosa;""7_Tama_as"";4.15;4.42;26.06018;-98.3122"
"18945;""6179 | (Carr. Matamoros y Río Bravo)"";Petro 7;Calle Venezuela Esquina Álvaro Obregón No. 215;Río Bravo;Tamaulipas;""88945"";ZM Reynosa;""5_Tama_as"";4.055;3.85;25.9883;-98.1255"
